City,State
Huntsville,Alabama
Montgomery,Alabama
Birmingham,Alabama
Mobile,Alabama
Dothan,Alabama
Sitka,Alaska
Juneau,Alaska
Wrangell,Alaska
Anchorage,Alaska
Valdez,Alaska
Unalaska,Alaska
Nightmute,Alaska
Phoenix,Arizona
Buckeye,Arizona
Tucson,Arizona
Goodyear,Arizona
Scottsdale,Arizona
Peoria,Arizona
Sierra Vista,Arizona
Mesa,Arizona
Yuma,Arizona
Marana,Arizona
Eloy,Arizona
Little Rock,Arkansas
Jonesboro,Arkansas
Los Angeles,California
San Diego,California
California City,California
San Jose,California
Bakersfield,California
Palmdale,California
Fresno,California
Sacramento,California
Palm Springs,California
Lancaster,California
Riverside,California
Fremont,California
Apple Valley,California
Victorville,California
Colorado Springs,Colorado
Aurora,Colorado
Denver,Colorado
Jacksonville,Florida
Bunnell,Florida
Tampa,Florida
Cape Coral,Florida
Tallahassee,Florida
Orlando,Florida
Port St. Lucie,Florida
North Port,Florida
Augusta,Georgia
Cusseta,Georgia
Columbus,Georgia
Preston,Georgia
Georgetown,Georgia
Atlanta,Georgia
Athens,Georgia
Savannah,Georgia
Chicago,Illinois
Indianapolis,Indiana
Fort Wayne,Indiana
Des Moines,Iowa
Wichita,Kansas
Kansas City,Kansas
Louisville,Kentucky
Lexington,Kentucky
New Orleans,Louisiana
Shreveport,Louisiana
Baton Rouge,Louisiana
Ellsworth,Maine
Caribou,Maine
Presque Isle,Maine
Baltimore **,Maryland
Plymouth,Massachusetts
Detroit,Michigan
Hibbing,Minnesota
Babbitt,Minnesota
Jackson,Mississippi
Kansas City,Missouri
Independence,Missouri
Springfield,Missouri
Anaconda,Montana
Butte,Montana
Omaha,Nebraska
Lincoln,Nebraska
Boulder City,Nevada
Carson City **,Nevada
Las Vegas,Nevada
Henderson,Nevada
North Las Vegas,Nevada
Albuquerque,New Mexico
Las Cruces,New Mexico
Rio Rancho,New Mexico
New York City,New York
Rome,New York
Charlotte,North Carolina
Fayetteville,North Carolina
Raleigh,North Carolina
Winston-Salem,North Carolina
Greensboro,North Carolina
Durham,North Carolina
Columbus,Ohio
Toledo,Ohio
Cincinnati,Ohio
Cleveland,Ohio
Oklahoma City,Oklahoma
Tulsa,Oklahoma
Norman,Oklahoma
Edmond,Oklahoma
El Reno,Oklahoma
Lawton,Oklahoma
Enid,Oklahoma
Portland,Oregon
Philadelphia,Pennsylvania
St. Marys,Pennsylvania
Columbia,South Carolina
Columbia,South Carolina
Charleston,South Carolina
Nashville,Tennessee
Memphis,Tennessee
Chattanooga,Tennessee
Lynchburg,Tennessee
Clarksville,Tennessee
Knoxville,Tennessee
Oak Ridge,Tennessee
Houston,Texas
San Antonio,Texas
Dallas,Texas
Fort Worth,Texas
Austin,Texas
El Paso,Texas
Corpus Christi,Texas
Brownsville,Texas
Lubbock,Texas
Abilene,Texas
Arlington,Texas
Amarillo,Texas
Beaumont,Texas
Waco,Texas
Port Arthur,Texas
Laredo,Texas
Plano,Texas
Grand Prairie,Texas
Wichita Falls,Texas
Salt Lake City,Utah
Suffolk,Virginia
Chesapeake,Virginia
Virginia Beach,Virginia
Seattle,Washington
Milwaukee,Wisconsin